{
  "msg": "success",
  "code": 0,
  "data": {
    "location": {
      "id": "54406",
      "name": "延庆",
      "path": "中国, 北京, 延庆",
      "longitude": 115.97,
      "latitude": 40.45,
      "timezone": 8
    },
    "daily": [
      {
        "date": "2021/04/20",
        "high": 24.0,
        "dayText": "多云",
        "dayCode": 1,
        "dayWindDirection": "东南风",
        "dayWindScale": "3~4级",
        "low": 10.0,
        "nightText": "多云",
        "nightCode": 1,
        "nightWindDirection": "东南风",
        "nightWindScale": "微风"
      },
      {
        "date": "2021/04/21",
        "high": 19.0,
        "dayText": "多云",
        "dayCode": 1,
        "dayWindDirection": "东南风",
        "dayWindScale": "3~4级",
        "low": 9.0,
        "nightText": "小雨",
        "nightCode": 7,
        "nightWindDirection": "东南风",
        "nightWindScale": "微风"
      },
      {
        "date": "2021/04/22",
        "high": 18.0,
        "dayText": "阴",
        "dayCode": 2,
        "dayWindDirection": "东南风",
        "dayWindScale": "微风",
        "low": 8.0,
        "nightText": "阴",
        "nightCode": 2,
        "nightWindDirection": "东南风",
        "nightWindScale": "微风"
      },
      {
        "date": "2021/04/23",
        "high": 19.0,
        "dayText": "阴",
        "dayCode": 2,
        "dayWindDirection": "东南风",
        "dayWindScale": "微风",
        "low": 10.0,
        "nightText": "阴",
        "nightCode": 2,
        "nightWindDirection": "东南风",
        "nightWindScale": "微风"
      },
      {
        "date": "2021/04/24",
        "high": 20.0,
        "dayText": "多云",
        "dayCode": 1,
        "dayWindDirection": "东风",
        "dayWindScale": "微风",
        "low": 11.0,
        "nightText": "多云",
        "nightCode": 1,
        "nightWindDirection": "东南风",
        "nightWindScale": "微风"
      },
      {
        "date": "2021/04/25",
        "high": 18.0,
        "dayText": "多云",
        "dayCode": 1,
        "dayWindDirection": "东南风",
        "dayWindScale": "微风",
        "low": 10.0,
        "nightText": "多云",
        "nightCode": 1,
        "nightWindDirection": "东南风",
        "nightWindScale": "微风"
      },
      {
        "date": "2021/04/26",
        "high": 20.0,
        "dayText": "多云",
        "dayCode": 1,
        "dayWindDirection": "东南风",
        "dayWindScale": "微风",
        "low": 8.0,
        "nightText": "晴",
        "nightCode": 0,
        "nightWindDirection": "东风",
        "nightWindScale": "微风"
      }
    ],
    "now": {
      "precipitation": 0.0,
      "temperature": 19.9,
      "pressure": 958.0,
      "humidity": 33.0,
      "windDirection": "东南风",
      "windDirectionDegree": 122.0,
      "windSpeed": 3.8,
      "windScale": "3级"
    },
    "alarm": [],
    "lastUpdate": "2021/04/20 19:05"
  }
}
