{
  "54511": {
    "name": "北京",
    "gym": {
      "1": "国家速滑馆",
      "2": "国家体育馆",
      "3": "国家体育场（鸟巢）",
      "4": "国家游泳中心（水立方）",
      "5": "首都体育馆",
      "6": "五棵松体育中心",
      "7": "首钢滑雪大跳台"
    }
  },
  "54406": {
    "name": "延庆",
    "gym": {
      "1": "国家雪车雪橇中心",
      "2": "国家高山滑雪中心"
    }
  },
  "54401": {
    "name": "张家口",
    "gym": {
      "1": "云顶滑雪公园",
      "2": "国家冬季两项中心",
      "3": "国家跳台滑雪中心",
      "4": "国家越野滑雪中心"
    }
  }
}
