{
  "1.1": {
    "中国": {
      "金牌": 11,
      "银牌": 9,
      "铜牌": 7
    },
    "俄罗斯": {
      "金牌": 10,
      "银牌": 10,
      "铜牌": 5
    },
    "美国": {
      "金牌": 8,
      "银牌": 15,
      "铜牌": 5
    }
  },
  "1.2": {
    "中国": {
        "金牌": 13,
        "银牌": 15,
        "铜牌": 12
      },
      "俄罗斯": {
        "金牌": 10,
        "银牌": 10,
        "铜牌": 5
      },
      "美国": {
        "金牌": 8,
        "银牌": 15,
        "铜牌": 5
      }
  }
}
