[
  {
    "title": "第23届冬奥会",
    "time": "举办时间：2018年",
    "images": "//mat1.gtimg.com/bj2022/winter-olympic-2022/images/2018-logo.png",
    "top": "117px",
    "left": "580px",
    "dahaddress": "举办地点：平昌",
    "dahcountry": "代表团数：92个",
    "dahitem": "比赛项目：102项",
    "dahpeople": "参赛人数：2914人",
    "wezi": ""
  },
  {
    "title": "第22届冬奥会",
    "time": "举办时间：2014年",
    "images": "//img1.gtimg.com/bj2022/pics/hv1/23/219/2304/149873468.jpg",
    "top": "77px",
    "left": "350px",
    "dahaddress": "举办地点：索契",
    "dahcountry": "代表团数：87个",
    "dahitem": "比赛项目：98项",
    "dahpeople": "参赛人数：2873人",
    "wezi": ""
  },
  {
    "title": "第21届冬奥会",
    "time": "举办时间：2010年",
    "images": "//mat1.gtimg.com/bj2022/winter-olympic-2022/images/2010-logo.png",
    "top": "109px",
    "left": "-120px",
    "dahaddress": "举办地点：温哥华",
    "dahcountry": "代表团数：82个",
    "dahitem": "比赛项目：86项",
    "dahpeople": "参赛人数：2566人",
    "wezi": ""
  },
  {
    "title": "第20届冬奥会",
    "time": "举办时间：2006年",
    "images": "//mat1.gtimg.com/bj2022/winter-olympic-2022/images/2006-logo.png",
    "top": "86px",
    "left": "242px",
    "dahaddress": "举办地点：都灵",
    "dahcountry": "代表团数：80个",
    "dahitem": "比赛项目：84项",
    "dahpeople": "参赛人数：2508人",
    "wezi": ""
  },
  {
    "title": "第19届冬奥会",
    "time": "举办时间：2002年",
    "images": "//mat1.gtimg.com/bj2022/winter-olympic-2022/images/2002-logo.png",
    "top": "109px",
    "left": "-69px",
    "dahaddress": "举办地点：盐湖城",
    "dahcountry": "代表团数：77个",
    "dahitem": "比赛项目：78项",
    "dahpeople": "参赛人数：2399人",
    "wezi": ""
  },
  {
    "title": "第18届冬奥会",
    "time": "举办时间：1998年",
    "images": "//img1.gtimg.com/bj2022/pics/hv1/25/219/2304/149873470.png",
    "top": "119px",
    "left": "608px",
    "dahaddress": "举办地点：长野",
    "dahcountry": "代表团数：72个",
    "dahitem": "比赛项目：68项",
    "dahpeople": "参赛人数：2176人",
    "wezi": ""
  },
  {
    "title": "第17届冬奥会",
    "time": "举办时间：1994年",
    "images": "//img1.gtimg.com/bj2022/pics/hv1/28/219/2304/149873473.png",
    "top": "30px",
    "left": "253px",
    "dahaddress": "举办地点：利勒哈默尔",
    "dahcountry": "代表团数：67个",
    "dahitem": "比赛项目：61项",
    "dahpeople": "参赛人数：1737人",
    "wezi": ""
  },
  {
    "title": "第16届冬奥会",
    "time": "举办时间：1992年",
    "images": "//mat1.gtimg.com/bj2022/winter-olympic-2022/images/1992-logo.png",
    "top": "86px",
    "left": "225px",
    "dahaddress": "举办地点：阿尔贝维尔",
    "dahcountry": "代表团数：64个",
    "dahitem": "比赛项目：57项",
    "dahpeople": "参赛人数：1801人",
    "wezi": ""
  },
  {
    "title": "第15届冬奥会",
    "time": "举办时间：1988年",
    "images": "//img1.gtimg.com/bj2022/pics/hv1/30/219/2304/149873475.png",
    "top": "73px",
    "left": "-109px",
    "dahaddress": "举办地点：卡尔加里",
    "dahcountry": "代表团数：57个",
    "dahitem": "比赛项目：46项",
    "dahpeople": "参赛人数：1423人",
    "wezi": ""
  },
  {
    "title": "第14届冬奥会",
    "time": "举办时间：1984年",
    "images": "//img1.gtimg.com/bj2022/pics/hv1/31/219/2304/149873476.png",
    "top": "86px",
    "left": "265px",
    "dahaddress": "举办地点：萨拉热窝",
    "dahcountry": "代表团数：49个",
    "dahitem": "比赛项目：39项",
    "dahpeople": "参赛人数：1272人",
    "wezi": ""
  },
  {
    "title": "第13届冬奥会",
    "time": "举办时间：1980年",
    "images": "//img1.gtimg.com/bj2022/pics/hv1/37/219/2304/149873482.png",
    "top": "90px",
    "left": "15px",
    "dahaddress": "举办地点：普莱西德湖",
    "dahcountry": "代表团数：37个",
    "dahitem": "比赛项目：38项",
    "dahpeople": "参赛人数：1072人",
    "wezi": ""
  },
  {
    "title": "第12届冬奥会",
    "time": "举办时间：1976年",
    "images": "//mat1.gtimg.com/bj2022/winter-olympic-2022/images/1976-logo.png",
    "top": "76px",
    "left": "264px",
    "dahaddress": "举办地点：因斯布鲁克",
    "dahcountry": "代表团数：37个",
    "dahitem": "比赛项目：37项",
    "dahpeople": "参赛人数：1123人",
    "wezi": ""
  },
  {
    "title": "第11届冬奥会",
    "time": "举办时间：1972年",
    "images": "//img1.gtimg.com/bj2022/pics/hv1/44/219/2304/149873489.png",
    "top": "120px",
    "left": "600px",
    "dahaddress": "举办地点：札幌",
    "dahcountry": "代表团数：35个",
    "dahitem": "比赛项目：35项",
    "dahpeople": "参赛人数：1006人",
    "wezi": ""
  },
  {
    "title": "第10届冬奥会",
    "time": "举办时间：1968年",
    "images": "//img1.gtimg.com/bj2022/pics/hv1/49/219/2304/149873494.jpg",
    "top": "81px",
    "left": "235px",
    "dahaddress": "举办地点：格勒诺布尔",
    "dahcountry": "代表团数：37个",
    "dahitem": "比赛项目：35项",
    "dahpeople": "参赛人数：1158人",
    "wezi": ""
  },
  {
    "title": "第9届冬奥会",
    "time": "举办时间：1964年",
    "images": "//mat1.gtimg.com/bj2022/winter-olympic-2022/images/1964-logo.png",
    "top": "79px",
    "left": "250px",
    "dahaddress": "举办地点：因斯布鲁克",
    "dahcountry": "代表团数：36个",
    "dahitem": "比赛项目：34项",
    "dahpeople": "参赛人数：1091人",
    "wezi": ""
  },
  {
    "title": "第8届冬奥会",
    "time": "举办时间：1960年",
    "images": "//img1.gtimg.com/bj2022/pics/hv1/61/219/2304/149873506.jpg",
    "top": "109px",
    "left": "-107px",
    "dahaddress": "举办地点：斯阔谷",
    "dahcountry": "代表团数：30个",
    "dahitem": "比赛项目：27项",
    "dahpeople": "参赛人数：665人",
    "wezi": ""
  },
  {
    "title": "第7届冬奥会",
    "time": "举办时间：1956年",
    "images": "//img1.gtimg.com/bj2022/pics/hv1/60/219/2304/149873505.png",
    "top": "86px",
    "left": "257px",
    "dahaddress": "举办地点：科蒂纳丹佩佐",
    "dahcountry": "代表团数：32个",
    "dahitem": "比赛项目：24项",
    "dahpeople": "参赛人数：821人",
    "wezi": ""
  },
  {
    "title": "第6届冬奥会",
    "time": "举办时间：1952年",
    "images": "//img1.gtimg.com/bj2022/pics/hv1/59/219/2304/149873504.png",
    "top": "30px",
    "left": "250px",
    "dahaddress": "举办地点：奥斯陆",
    "dahcountry": "代表团数：30个",
    "dahitem": "比赛项目：22项",
    "dahpeople": "参赛人数：694人",
    "wezi": ""
  },
  {
    "title": "第5届冬奥会",
    "time": "举办时间：1948年",
    "images": "//img1.gtimg.com/bj2022/pics/hv1/58/219/2304/149873503.jpg",
    "top": "77px",
    "left": "253px",
    "dahaddress": "举办地点：圣莫里茨",
    "dahcountry": "代表团数：28个",
    "dahitem": "比赛项目：22项",
    "dahpeople": "参赛人数：669人",
    "wezi": ""
  },
  {
    "title": "第4届冬奥会",
    "time": "举办时间：1936年",
    "images": "//img1.gtimg.com/bj2022/pics/hv1/57/219/2304/149873502.png",
    "top": "77px",
    "left": "263px",
    "dahaddress": "举办地点：加尔施-帕滕基兴",
    "dahcountry": "代表团数：28个",
    "dahitem": "比赛项目：17项",
    "dahpeople": "参赛人数：646人",
    "wezi": ""
  },
  {
    "title": "第3届冬奥会",
    "time": "举办时间：1932年",
    "images": "//img1.gtimg.com/bj2022/pics/hv1/56/219/2304/149873501.png",
    "top": "100px",
    "left": "5px",
    "dahaddress": "举办地点：普莱西德湖",
    "dahcountry": "代表团数：17个",
    "dahitem": "比赛项目：14项",
    "dahpeople": "参赛人数：252人",
    "wezi": ""
  },
  {
    "title": "第2届冬奥会",
    "time": "举办时间：1928年",
    "images": "//mat1.gtimg.com/bj2022/winter-olympic-2022/images/1928-logo.jpg",
    "top": "86px",
    "left": "265px",
    "dahaddress": "举办地点：圣莫里茨",
    "dahcountry": "代表团数：25个",
    "dahitem": "比赛项目：14项",
    "dahpeople": "参赛人数：464人",
    "wezi": ""
  },
  {
    "title": "第1届冬奥会",
    "time": "举办时间：1924年",
    "images": "//mat1.gtimg.com/bj2022/winter-olympic-2022/images/1924-logo.jpg",
    "top": "86px",
    "left": "250px",
    "dahaddress": "举办地点：夏蒙尼",
    "dahcountry": "代表团数：16个",
    "dahitem": "比赛项目：16项",
    "dahpeople": "参赛人数：258人",
    "wezi": ""
  }
]
